Award,Winner,Film
Actor in a Leading Role,,Hustle & Flow
Actor in a Leading Role,,Brokeback Mountain
Actor in a Leading Role,,Walk the Line
Actor in a Leading Role,,"Good Night, and Good Luck."
Actor in a Supporting Role,,Crash
Actor in a Supporting Role,,Cinderella Man
Actor in a Supporting Role,,Brokeback Mountain
Actor in a Supporting Role,,A History of Violence
Actress in a Leading Role,,Mrs. Henderson Presents
Actress in a Leading Role,,Transamerica
Actress in a Leading Role,,Pride & Prejudice
Actress in a Leading Role,,North Country
Actress in a Supporting Role,,Junebug
Actress in a Supporting Role,,Capote
Actress in a Supporting Role,,North Country
Actress in a Supporting Role,,Brokeback Mountain
Animated Feature Film,,Hayao Miyazaki
Animated Feature Film,,Mike Johnson and Tim Burton
Art Direction,,Art Direction: Jim Bissell; Set Decoration: Jan Pascale
Art Direction,,Art Direction: Stuart Craig; Set Decoration: Stephenie McMillan
Art Direction,,Art Direction: Grant Major; Set Decoration: Dan Hennah and Simon Bright
Art Direction,,Art Direction: Sarah Greenwood; Set Decoration: Katie Spencer
Cinematography,,Wally Pfister
Cinematography,,Rodrigo Prieto
Cinematography,,Robert Elswit
Cinematography,,Emmanuel Lubezki
Costume Design,,Gabriella Pescucci
Costume Design,,Sandy Powell
Costume Design,,Jacqueline Durran
Costume Design,,Arianne Phillips
Directing,,Bennett Miller
Directing,,Paul Haggis
Directing,,George Clooney
Directing,,Steven Spielberg
Documentary (Feature),,Hubert Sauper
Documentary (Feature),,Alex Gibney and Jason Kliot
Documentary (Feature),,Henry-Alex Rubin and Dana Adam Shapiro
Documentary (Feature),,Marshall Curry
Documentary (Short Subject),,Dan Krauss
Documentary (Short Subject),,Kimberlee Acquaro and Stacy Sherman
Documentary (Short Subject),,Steven Okazaki
Film Editing,,Mike Hill and Dan Hanley
Film Editing,,Claire Simpson
Film Editing,,Michael Kahn
Film Editing,,Michael McCusker
Foreign Language Film,,Italy
Foreign Language Film,,France
Foreign Language Film,,The Palestinian Territories
Foreign Language Film,,Germany
Makeup,,David Leroy Anderson and Lance Anderson
Makeup,,Dave Elsey and Nikki Gooley
Music (Original Score),,Alberto Iglesias
Music (Original Score),,John Williams
Music (Original Score),,John Williams
Music (Original Score),,Dario Marianelli
Music (Original Song),,Music by Kathleen Bird York and Michael Becker; Lyric by Kathleen Bird York
Music (Original Song),,Music and Lyric by Dolly Parton
Best Picture,,"Diana Ossana and James Schamus, Producers"
Best Picture,,"Caroline Baron, William Vince and Michael Ohoven, Producers"
Best Picture,,"Grant Heslov, Producer"
Best Picture,,"Kathleen Kennedy, Steven Spielberg and Barry Mendel, Producers"
Short Film (Animated),,Sharon Colman
Short Film (Animated),,Anthony Lucas
Short Film (Animated),,Shane Acker
Short Film (Animated),,Andrew Jimenez and Mark Andrews
Short Film (Live Action),,Ulrike Grote
Short Film (Live Action),,Sean Ellis and Lene Bausager
Short Film (Live Action),,Rúnar Rúnarsson and Thor S. Sigurjónsson
Short Film (Live Action),,Rob Pearlstein and Pia Clemente
Sound Editing,,Wylie Stateman
Sound Editing,,Richard King
Sound Mixing,,"Terry Porter, Dean A. Zupancic and Tony Johnson"
Sound Mixing,,"Kevin O'Connell, Greg P. Russell, Rick Kline and John Pritchett"
Sound Mixing,,"Paul Massey, D.M. Hemphill and Peter F. Kurland"
Sound Mixing,,"Andy Nelson, Anna Behlmer and Ronald Judkins"
Visual Effects,,"Dean Wright, Bill Westenhofer, Jim Berney and Scott Farrar"
Visual Effects,,"Dennis Muren, Pablo Helman, Randal M. Dutra and Daniel Sudick"
Writing (Adapted Screenplay),,Screenplay by Dan Futterman
Writing (Adapted Screenplay),,Screenplay by Jeffrey Caine
Writing (Adapted Screenplay),,Screenplay by Josh Olson
Writing (Adapted Screenplay),,Screenplay by Tony Kushner and Eric Roth
Writing (Original Screenplay),,Screenplay by George Clooney & Grant Heslov
Writing (Original Screenplay),,Written by Woody Allen
Writing (Original Screenplay),,Written by Noah Baumbach
Writing (Original Screenplay),,Written by Stephen Gaghan
Actor in a Leading Role,,Blood Diamond
Actor in a Leading Role,,Half Nelson
Actor in a Leading Role,,Venus
Actor in a Leading Role,,The Pursuit of Happyness
Actor in a Supporting Role,,Little Children
Actor in a Supporting Role,,Blood Diamond
Actor in a Supporting Role,,Dreamgirls
Actor in a Supporting Role,,The Departed
Actress in a Leading Role,,Volver
Actress in a Leading Role,,Notes on a Scandal
Actress in a Leading Role,,The Devil Wears Prada
Actress in a Leading Role,,Little Children
Actress in a Supporting Role,,Babel
Actress in a Supporting Role,,Notes on a Scandal
Actress in a Supporting Role,,Little Miss Sunshine
Actress in a Supporting Role,,Babel
Animated Feature Film,,John Lasseter
Animated Feature Film,,Gil Kenan
Art Direction,,Art Direction: John Myhre; Set Decoration: Nancy Haigh
Art Direction,,Art Direction: Jeannine Oppewall; Set Decoration: Gretchen Rau and Leslie E. Rollins
Art Direction,,Art Direction: Rick Heinrichs; Set Decoration: Cheryl Carasik
Art Direction,,Art Direction: Nathan Crowley; Set Decoration: Julie Ochipinti
Cinematography,,Vilmos Zsigmond
Cinematography,,Emmanuel Lubezki
Cinematography,,Dick Pope
Cinematography,,Wally Pfister
Costume Design,,Yee Chung Man
Costume Design,,Patricia Field
Costume Design,,Sharen Davis
Costume Design,,Consolata Boyle
Directing,,Alejandro González Iñárritu
Directing,,Clint Eastwood
Directing,,Stephen Frears
Directing,,Paul Greengrass
Documentary (Feature),,Amy Berg and Frank Donner
Documentary (Feature),,James Longley and John Sinno
Documentary (Feature),,Heidi Ewing and Rachel Grady
Documentary (Feature),,Laura Poitras and Jocelyn Glatzer
Documentary (Short Subject),,Leslie Iwerks and Mike Glad
Documentary (Short Subject),,Karen Goodman and Kirk Simon
Documentary (Short Subject),,Nathaniel Kahn and Susan Rose Behr
Film Editing,,Stephen Mirrione and Douglas Crise
Film Editing,,Steven Rosenblum
Film Editing,,Alex Rodríguez and Alfonso Cuarón
Film Editing,,"Clare Douglas, Christopher Rouse and Richard Pearson"
Foreign Language Film,,Denmark
Foreign Language Film,,Algeria
Foreign Language Film,,Mexico
Foreign Language Film,,Canada
Makeup,,Aldo Signoretti and Vittorio Sodano
Makeup,,Kazuhiro Tsuji and Bill Corso
Music (Original Score),,Thomas Newman
Music (Original Score),,Philip Glass
Music (Original Score),,Javier Navarrete
Music (Original Score),,Alexandre Desplat
Music (Original Song),,Music by Henry Krieger and Scott Cutler; Lyric by Anne Preven
Music (Original Song),,Music by Henry Krieger; Lyric by Siedah Garrett
Music (Original Song),,Music and Lyric by Randy Newman
Music (Original Song),,Music by Henry Krieger; Lyric by Willie Reale
Best Picture,,"Alejandro González Iñárritu, Jon Kilik and Steve Golin, Producers"
Best Picture,,"Clint Eastwood, Steven Spielberg and Robert Lorenz, Producers"
Best Picture,,"David T. Friendly, Peter Saraf and Marc Turtletaub, Producers"
Best Picture,,"Andy Harries, Christine Langan and Tracey Seaward, Producers"
Short Film (Animated),,Gary Rydstrom
Short Film (Animated),,Roger Allers and Don Hahn
Short Film (Animated),,Géza M. Tóth
Short Film (Animated),,Chris Renaud and Michael Thurmeier
Short Film (Live Action),,Javier Fesser and Luis Manso
Short Film (Live Action),,Borja Cobeaga
Short Film (Live Action),,Søren Pilmark and Kim Magnusson
Short Film (Live Action),,Peter Templeman and Stuart Parkyn
Sound Editing,,Sean McCormack and Kami Asgar
Sound Editing,,Lon Bender
Sound Editing,,Alan Robert Murray and Bub Asman
Sound Editing,,Christopher Boyes and George Watters II
Sound Mixing,,"Kevin O'Connell, Greg P. Russell and Fernando Cámara"
Sound Mixing,,"Andy Nelson, Anna Behlmer and Ivan Sharrock"
Sound Mixing,,"John Reitz, Dave Campbell, Gregg Rudloff and Walt Martin"
Sound Mixing,,"Paul Massey, Christopher Boyes and Lee Orloff"
Visual Effects,,"Boyd Shermis, Kim Libreri, Chas Jarrett and John Frazier"
Visual Effects,,"Mark Stetson, Neil Corbould, Richard R. Hoover and Jon Thum"
Writing (Adapted Screenplay),,Screenplay by Sacha Baron Cohen & Anthony Hines & Peter Baynham & Dan Mazer; Story by Sacha Baron Cohen & Peter Baynham & Anthony Hines & Todd Phillips
Writing (Adapted Screenplay),,Screenplay by Alfonso Cuarón & Timothy J. Sexton and David Arata and Mark Fergus & Hawk Ostby
Writing (Adapted Screenplay),,Screenplay by Todd Field & Tom Perrotta
Writing (Adapted Screenplay),,Screenplay by Patrick Marber
Writing (Original Screenplay),,Written by Guillermo Arriaga
Writing (Original Screenplay),,Screenplay by Iris Yamashita; Story by Iris Yamashita & Paul Haggis
Writing (Original Screenplay),,Written by Guillermo del Toro
Writing (Original Screenplay),,Written by Peter Morgan
Actor in a Leading Role,,Michael Clayton
Actor in a Leading Role,,Sweeney Todd The Demon Barber of Fleet Street
Actor in a Leading Role,,In the Valley of Elah
Actor in a Leading Role,,Eastern Promises
Actor in a Supporting Role,,The Assassination of Jesse James by the Coward Robert Ford
Actor in a Supporting Role,,Charlie Wilson's War
Actor in a Supporting Role,,Into the Wild
Actor in a Supporting Role,,Michael Clayton
Actress in a Leading Role,,Elizabeth: The Golden Age
Actress in a Leading Role,,Away from Her
Actress in a Leading Role,,The Savages
Actress in a Leading Role,,Juno
Actress in a Supporting Role,,I'm Not There
Actress in a Supporting Role,,American Gangster
Actress in a Supporting Role,,Atonement
Actress in a Supporting Role,,Gone Baby Gone
Animated Feature Film,,Marjane Satrapi and Vincent Paronnaud
Animated Feature Film,,Ash Brannon and Chris Buck
Art Direction,,Art Direction: Arthur Max; Set Decoration: Beth A. Rubino
Art Direction,,Art Direction: Sarah Greenwood; Set Decoration: Katie Spencer
Art Direction,,Art Direction: Dennis Gassner; Set Decoration: Anna Pinnock
Art Direction,,Art Direction: Jack Fisk; Set Decoration: Jim Erickson
Cinematography,,Roger Deakins
Cinematography,,Seamus McGarvey
Cinematography,,Janusz Kaminski
Cinematography,,Roger Deakins
Costume Design,,Albert Wolsky
Costume Design,,Jacqueline Durran
Costume Design,,Marit Allen
Costume Design,,Colleen Atwood
Directing,,Julian Schnabel
Directing,,Jason Reitman
Directing,,Tony Gilroy
Directing,,Paul Thomas Anderson
Documentary (Feature),,Charles Ferguson and Audrey Marrs
Documentary (Feature),,Richard E. Robbins
Documentary (Feature),,Michael Moore and Meghan O'Hara
Documentary (Feature),,Andrea Nix Fine and Sean Fine
Documentary (Short Subject),,Amanda Micheli and Isabel Vega
Documentary (Short Subject),,Tim Sternberg and Francisco Bello
Documentary (Short Subject),,James Longley
Film Editing,,Juliette Welfling
Film Editing,,Jay Cassidy
Film Editing,,Roderick Jaynes
Film Editing,,Dylan Tichenor
Foreign Language Film,,Israel
Foreign Language Film,,Poland
Foreign Language Film,,Kazakhstan
Foreign Language Film,,Russia
Makeup,,Rick Baker and Kazuhiro Tsuji
Makeup,,Ve Neill and Martin Samuel
Music (Original Score),,Alberto Iglesias
Music (Original Score),,James Newton Howard
Music (Original Score),,Michael Giacchino
Music (Original Score),,Marco Beltrami
Music (Original Song),,Music by Alan Menken; Lyric by Stephen Schwartz
Music (Original Song),,"Music and Lyric by Jamal Joseph, Charles Mack and Tevin Thomas"
Music (Original Song),,Music by Alan Menken; Lyric by Stephen Schwartz
Music (Original Song),,Music by Alan Menken; Lyric by Stephen Schwartz
Best Picture,,"Tim Bevan, Eric Fellner and Paul Webster, Producers"
Best Picture,,"Lianne Halfon, Mason Novick and Russell Smith, Producers"
Best Picture,,"Sydney Pollack, Jennifer Fox and Kerry Orent, Producers"
Best Picture,,"JoAnne Sellar, Paul Thomas Anderson and Daniel Lupi, Producers"
Short Film (Animated),,Josh Raskin
Short Film (Animated),,Chris Lavis and Maciek Szczerbowski
Short Film (Animated),,Samuel Tourneux and Simon Vanesse
Short Film (Animated),,Alexander Petrov
Short Film (Live Action),,Christian E. Christiansen and Louise Vesth
Short Film (Live Action),,Andrea Jublin
Short Film (Live Action),,Guido Thys and Anja Daelemans
Short Film (Live Action),,Daniel Barber and Matthew Brown
Sound Editing,,Skip Lievsay
Sound Editing,,Randy Thom and Michael Silvers
Sound Editing,,Christopher Scarabosio and Matthew Wood
Sound Editing,,Ethan Van der Ryn and Mike Hopkins
Sound Mixing,,"Skip Lievsay, Craig Berkey, Greg Orloff and Peter Kurland"
Sound Mixing,,"Randy Thom, Michael Semanick and Doc Kane"
Sound Mixing,,"Paul Massey, David Giammarco and Jim Stuebe"
Sound Mixing,,"Kevin O'Connell, Greg P. Russell and Peter J. Devlin"
Visual Effects,,"John Knoll, Hal Hickel, Charles Gibson and John Frazier"
Visual Effects,,"Scott Farrar, Scott Benza, Russell Earl and John Frazier"
Writing (Adapted Screenplay),,Screenplay by Christopher Hampton
Writing (Adapted Screenplay),,Written by Sarah Polley
Writing (Adapted Screenplay),,Screenplay by Ronald Harwood
Writing (Adapted Screenplay),,Written for the Screen by Paul Thomas Anderson
Writing (Original Screenplay),,Written by Nancy Oliver
Writing (Original Screenplay),,Written by Tony Gilroy
Writing (Original Screenplay),,"Screenplay by Brad Bird; Story by Jan Pinkava, Jim Capobianco, Brad Bird"
Writing (Original Screenplay),,Written by Tamara Jenkins
Actor in a Leading Role,,The Visitor
Actor in a Leading Role,,Frost/Nixon
Actor in a Leading Role,,The Curious Case of Benjamin Button
Actor in a Leading Role,,The Wrestler
Actor in a Supporting Role,,Milk
Actor in a Supporting Role,,Tropic Thunder
Actor in a Supporting Role,,Doubt
Actor in a Supporting Role,,Revolutionary Road
Actress in a Leading Role,,Rachel Getting Married
Actress in a Leading Role,,Changeling
Actress in a Leading Role,,Frozen River
Actress in a Leading Role,,Doubt
Actress in a Supporting Role,,Doubt
Actress in a Supporting Role,,Doubt
Actress in a Supporting Role,,The Curious Case of Benjamin Button
Actress in a Supporting Role,,The Wrestler
Animated Feature Film,,Chris Williams and Byron Howard
Animated Feature Film,,John Stevenson and Mark Osborne
Art Direction,,Art Direction: James J. Murakami; Set Decoration: Gary Fettis
Art Direction,,Art Direction: Nathan Crowley; Set Decoration: Peter Lando
Art Direction,,Art Direction: Michael Carlin; Set Decoration: Rebecca Alleway
Art Direction,,Art Direction: Kristi Zea; Set Decoration: Debra Schutt
Cinematography,,Tom Stern
Cinematography,,Claudio Miranda
Cinematography,,Wally Pfister
Cinematography,,Chris Menges and Roger Deakins
Costume Design,,Catherine Martin
Costume Design,,Jacqueline West
Costume Design,,Danny Glicker
Costume Design,,Albert Wolsky
Directing,,David Fincher
Directing,,Ron Howard
Directing,,Gus Van Sant
Directing,,Stephen Daldry
Documentary (Feature),,Ellen Kuras and Thavisouk Phrasavath
Documentary (Feature),,Werner Herzog and Henry Kaiser
Documentary (Feature),,Scott Hamilton Kennedy
Documentary (Feature),,Tia Lessin and Carl Deal
Documentary (Short Subject),,Steven Okazaki
Documentary (Short Subject),,Irene Taylor Brodsky and Tom Grant
Documentary (Short Subject),,Adam Pertofsky and Margaret Hyde
Film Editing,,Kirk Baxter and Angus Wall
Film Editing,,Lee Smith
Film Editing,,Mike Hill and Dan Hanley
Film Editing,,Elliot Graham
Foreign Language Film,,Germany
Foreign Language Film,,France
Foreign Language Film,,Austria
Foreign Language Film,,Israel
Makeup,,"John Caglione, Jr. and Conor O'Sullivan"
Makeup,,Mike Elizalde and Thom Floutz
Music (Original Score),,Alexandre Desplat
Music (Original Score),,James Newton Howard
Music (Original Score),,Danny Elfman
Music (Original Score),,Thomas Newman
Music (Original Song),,Music by Peter Gabriel and Thomas Newman; Lyric by Peter Gabriel
Music (Original Song),,Music and Lyric by A.R. Rahman and Maya Arulpragasam
Best Picture,,"Kathleen Kennedy, Frank Marshall and Ceán Chaffin, Producers"
Best Picture,,"Brian Grazer, Ron Howard and Eric Fellner, Producers"
Best Picture,,"Dan Jinks and Bruce Cohen, Producers"
Best Picture,,"Anthony Minghella, Sydney Pollack, Donna Gigliotti and Redmond Morris, Producers"
Short Film (Animated),,Konstantin Bronzit
Short Film (Animated),,Emud Mokhberi and Thierry Marchand
Short Film (Animated),,Doug Sweetland
Short Film (Animated),,Alan Smith and Adam Foulkes
Short Film (Live Action),,Reto Caffi
Short Film (Live Action),,Elizabeth Marre and Olivier Pont
Short Film (Live Action),,Steph Green and Tamara Anghie
Short Film (Live Action),,Tivi Magnusson and Dorte Høgh
Sound Editing,,Frank Eulner and Christopher Boyes
Sound Editing,,Glenn Freemantle and Tom Sayers
Sound Editing,,Ben Burtt and Matthew Wood
Sound Editing,,Wylie Stateman
Sound Mixing,,"David Parker, Michael Semanick, Ren Klyce and Mark Weingarten"
Sound Mixing,,"Lora Hirschberg, Gary Rizzo and Ed Novick"
Sound Mixing,,"Tom Myers, Michael Semanick and Ben Burtt"
Sound Mixing,,"Chris Jenkins, Frank A. Montaño and Petr Forejt"
Visual Effects,,"Nick Davis, Chris Corbould, Tim Webber and Paul Franklin"
Visual Effects,,"John Nelson, Ben Snow, Dan Sudick and Shane Mahan"
Writing (Adapted Screenplay),,Screenplay by Eric Roth; Screen Story by Eric Roth and Robin Swicord
Writing (Adapted Screenplay),,Written by John Patrick Shanley
Writing (Adapted Screenplay),,Screenplay by Peter Morgan
Writing (Adapted Screenplay),,Screenplay by David Hare
Writing (Original Screenplay),,Written by Courtney Hunt
Writing (Original Screenplay),,Written by Mike Leigh
Writing (Original Screenplay),,Written by Martin McDonagh
Writing (Original Screenplay),,"Screenplay by Andrew Stanton, Jim Reardon; Original Story by Andrew Stanton, Pete Docter"
Actor in a Leading Role,,Up in the Air
Actor in a Leading Role,,A Single Man
Actor in a Leading Role,,Invictus
Actor in a Leading Role,,The Hurt Locker
Actor in a Supporting Role,,Invictus
Actor in a Supporting Role,,The Messenger
Actor in a Supporting Role,,The Last Station
Actor in a Supporting Role,,The Lovely Bones
Actress in a Leading Role,,The Last Station
Actress in a Leading Role,,An Education
Actress in a Leading Role,,Precious: Based on the Novel 'Push' by Sapphire
Actress in a Leading Role,,Julie & Julia
Actress in a Supporting Role,,Nine
Actress in a Supporting Role,,Up in the Air
Actress in a Supporting Role,,Crazy Heart
Actress in a Supporting Role,,Up in the Air
Animated Feature Film,,Henry Selick
Animated Feature Film,,Wes Anderson
Animated Feature Film,,John Musker and Ron Clements
Animated Feature Film,,Tomm Moore
Art Direction,,Production Design: Dave Warren and Anastasia Masaro; Set Decoration: Caroline Smith
Art Direction,,Production Design: John Myhre; Set Decoration: Gordon Sim
Art Direction,,Production Design: Sarah Greenwood; Set Decoration: Katie Spencer
Art Direction,,Production Design: Patrice Vermette; Set Decoration: Maggie Gray
Cinematography,,Bruno Delbonnel
Cinematography,,Barry Ackroyd
Cinematography,,Robert Richardson
Cinematography,,Christian Berger
Costume Design,,Janet Patterson
Costume Design,,Catherine Leterrier
Costume Design,,Monique Prudhomme
Costume Design,,Colleen Atwood
Directing,,James Cameron
Directing,,Quentin Tarantino
Directing,,Lee Daniels
Directing,,Jason Reitman
Documentary (Feature),,Anders Østergaard and Lise Lense-Møller
Documentary (Feature),,Robert Kenner and Elise Pearlstein
Documentary (Feature),,Judith Ehrlich and Rick Goldsmith
Documentary (Feature),,Rebecca Cammisa
Documentary (Short Subject),,Jon Alpert and Matthew O'Neill
Documentary (Short Subject),,Daniel Junge and Henry Ansbacher
Documentary (Short Subject),,Steven Bognar and Julia Reichert
Documentary (Short Subject),,Bartek Konopka and Anna Wydra
Film Editing,,"Stephen Rivkin, John Refoua and James Cameron"
Film Editing,,Julian Clarke
Film Editing,,Sally Menke
Film Editing,,Joe Klotz
Foreign Language Film,,Israel
Foreign Language Film,,Peru
Foreign Language Film,,France
Foreign Language Film,,Germany
Makeup,,Aldo Signoretti and Vittorio Sodano
Makeup,,Jon Henry Gordon and Jenny Shircore
Music (Original Score),,James Horner
Music (Original Score),,Alexandre Desplat
Music (Original Score),,Marco Beltrami and Buck Sanders
Music (Original Score),,Hans Zimmer
Music (Original Song),,Music and Lyric by Randy Newman
Music (Original Song),,Music and Lyric by Randy Newman
Music (Original Song),,Music by Reinhardt Wagner; Lyric by Frank Thomas
Music (Original Song),,Music and Lyric by Maury Yeston
Best Picture,,"James Cameron and Jon Landau, Producers"
Best Picture,,"Gil Netter, Andrew A. Kosove and Broderick Johnson, Producers"
Best Picture,,"Peter Jackson and Carolynne Cunningham, Producers"
Best Picture,,"Finola Dwyer and Amanda Posey, Producers"
Best Picture,,"Lawrence Bender, Producer"
Best Picture,,"Lee Daniels, Sarah Siegel-Magness and Gary Magness, Producers"
Best Picture,,"Joel Coen and Ethan Coen, Producers"
Best Picture,,"Jonas Rivera, Producer"
Best Picture,,"Daniel Dubiecki, Ivan Reitman and Jason Reitman, Producers"
Short Film (Animated),,Fabrice O. Joubert
Short Film (Animated),,Nicky Phelan and Darragh O'Connell
Short Film (Animated),,Javier Recio Gracia
Short Film (Animated),,Nick Park
Short Film (Live Action),,Juanita Wilson and James Flynn
Short Film (Live Action),,Patrik Eklund and Mathias Fjellström
Short Film (Live Action),,Gregg Helvey
Short Film (Live Action),,Luke Doolan and Drew Bailey
Sound Editing,,Christopher Boyes and Gwendolyn Yates Whittle
Sound Editing,,Wylie Stateman
Sound Editing,,Mark Stoeckinger and Alan Rankin
Sound Editing,,Michael Silvers and Tom Myers
Sound Mixing,,"Christopher Boyes, Gary Summers, Andy Nelson and Tony Johnson"
Sound Mixing,,"Michael Minkler, Tony Lamberti and Mark Ulano"
Sound Mixing,,"Anna Behlmer, Andy Nelson and Peter J. Devlin"
Sound Mixing,,"Greg P. Russell, Gary Summers and Geoffrey Patterson"
Visual Effects,,"Dan Kaufman, Peter Muyzers, Robert Habros and Matt Aitken"
Visual Effects,,"Roger Guyett, Russell Earl, Paul Kavanagh and Burt Dalton"
Writing (Adapted Screenplay),,Written by Neill Blomkamp and Terri Tatchell
Writing (Adapted Screenplay),,Screenplay by Nick Hornby
Writing (Adapted Screenplay),,"Screenplay by Jesse Armstrong, Simon Blackwell, Armando Iannucci, Tony Roche"
Writing (Adapted Screenplay),,Screenplay by Jason Reitman and Sheldon Turner
Writing (Original Screenplay),,Written by Quentin Tarantino
Writing (Original Screenplay),,Written by Alessandro Camon & Oren Moverman
Writing (Original Screenplay),,Written by Joel Coen & Ethan Coen
Writing (Original Screenplay),,"Screenplay by Bob Peterson, Pete Docter; Story by Pete Docter, Bob Peterson, Tom McCarthy"
Actor in a Leading Role,,Biutiful
Actor in a Leading Role,,True Grit
Actor in a Leading Role,,The Social Network
Actor in a Leading Role,,127 Hours
Actor in a Supporting Role,,Winter's Bone
Actor in a Supporting Role,,The Town
Actor in a Supporting Role,,The Kids Are All Right
Actor in a Supporting Role,,The King's Speech
Actress in a Leading Role,,The Kids Are All Right
Actress in a Leading Role,,Rabbit Hole
Actress in a Leading Role,,Winter's Bone
Actress in a Leading Role,,Blue Valentine
Actress in a Supporting Role,,The Fighter
Actress in a Supporting Role,,The King's Speech
Actress in a Supporting Role,,True Grit
Actress in a Supporting Role,,Animal Kingdom
Animated Feature Film,,Chris Sanders and Dean DeBlois
Animated Feature Film,,Sylvain Chomet
Art Direction,,Production Design: Stuart Craig; Set Decoration: Stephenie McMillan
Art Direction,,Production Design: Guy Hendrix Dyas; Set Decoration: Larry Dias and Doug Mowat
Art Direction,,Production Design: Eve Stewart; Set Decoration: Judy Farr
Art Direction,,Production Design: Jess Gonchor; Set Decoration: Nancy Haigh
Cinematography,,Matthew Libatique
Cinematography,,Danny Cohen
Cinematography,,Jeff Cronenweth
Cinematography,,Roger Deakins
Costume Design,,Antonella Cannarozzi
Costume Design,,Jenny Beavan
Costume Design,,Sandy Powell
Costume Design,,Mary Zophres
Directing,,Darren Aronofsky
Directing,,David O. Russell
Directing,,David Fincher
Directing,,Joel Coen and Ethan Coen
Documentary (Feature),,Banksy and Jaimie D'Cruz
Documentary (Feature),,Josh Fox and Trish Adlesic
Documentary (Feature),,Tim Hetherington and Sebastian Junger
Documentary (Feature),,Lucy Walker and Angus Aynsley
Documentary (Short Subject),,Jed Rothstein
Documentary (Short Subject),,Sara Nesson and Mitchell W. Block
Documentary (Short Subject),,Jennifer Redfearn and Tim Metzger
Documentary (Short Subject),,Ruby Yang and Thomas Lennon
Film Editing,,Andrew Weisblum
Film Editing,,Pamela Martin
Film Editing,,Tariq Anwar
Film Editing,,Jon Harris
Foreign Language Film,,Mexico
Foreign Language Film,,Greece
Foreign Language Film,,Canada
Foreign Language Film,,Algeria
Makeup,,Adrien Morot
Makeup,,"Edouard F. Henriques, Gregory Funk and Yolanda Toussieng"
Music (Original Score),,John Powell
Music (Original Score),,Hans Zimmer
Music (Original Score),,Alexandre Desplat
Music (Original Score),,A.R. Rahman
Music (Original Song),,"Music and Lyric by Tom Douglas, Troy Verges and Hillary Lindsey"
Music (Original Song),,Music by Alan Menken; Lyric by Glenn Slater
Music (Original Song),,Music by A.R. Rahman; Lyric by Dido and Rollo Armstrong
Best Picture,,"Mike Medavoy, Brian Oliver and Scott Franklin, Producers"
Best Picture,,"David Hoberman, Todd Lieberman and Mark Wahlberg, Producers"
Best Picture,,"Emma Thomas and Christopher Nolan, Producers"
Best Picture,,"Gary Gilbert, Jeffrey Levy-Hinte and Celine Rattray, Producers"
Best Picture,,"Christian Colson, Danny Boyle and John Smithson, Producers"
Best Picture,,"Scott Rudin, Dana Brunetti, Michael De Luca and Ceán Chaffin, Producers"
Best Picture,,"Darla K. Anderson, Producer"
Best Picture,,"Scott Rudin, Ethan Coen and Joel Coen, Producers"
Best Picture,,"Anne Rosellini and Alix Madigan-Yorkin, Producers"
Short Film (Animated),,Teddy Newton
Short Film (Animated),,Jakob Schuh and Max Lang
Short Film (Animated),,Geefwee Boedoe
Short Film (Animated),,Bastien Dubois
Short Film (Live Action),,Tanel Toom
Short Film (Live Action),,Michael Creagh
Short Film (Live Action),,Ivan Goldschmidt
Short Film (Live Action),,Ian Barnes and Samantha Waite
Sound Editing,,Tom Myers and Michael Silvers
Sound Editing,,Gwendolyn Yates Whittle and Addison Teague
Sound Editing,,Skip Lievsay and Craig Berkey
Sound Editing,,Mark P. Stoeckinger
Sound Mixing,,"Paul Hamblin, Martin Jensen and John Midgley"
Sound Mixing,,"Jeffrey J. Haboush, Greg P. Russell, Scott Millan and William Sarokin"
Sound Mixing,,"Ren Klyce, David Parker, Michael Semanick and Mark Weingarten"
Sound Mixing,,"Skip Lievsay, Craig Berkey, Greg Orloff and Peter F. Kurland"
Visual Effects,,"Ken Ralston, David Schaub, Carey Villegas and Sean Phillips"
Visual Effects,,"Tim Burke, John Richardson, Christian Manz and Nicolas Aithadi"
Visual Effects,,"Michael Owens, Bryan Grill, Stephan Trojansky and Joe Farrell"
Visual Effects,,"Janek Sirrs, Ben Snow, Ged Wright and Daniel Sudick"
Writing (Adapted Screenplay),,Screenplay by Danny Boyle & Simon Beaufoy
Writing (Adapted Screenplay),,"Screenplay by Michael Arndt; Story by John Lasseter, Andrew Stanton and Lee Unkrich"
Writing (Adapted Screenplay),,Written for the screen by Joel Coen & Ethan Coen
Writing (Adapted Screenplay),,Adapted for the screen by Debra Granik & Anne Rosellini
Writing (Original Screenplay),,Written by Mike Leigh
Writing (Original Screenplay),,Screenplay by Scott Silver and Paul Tamasy & Eric Johnson; Story by Keith Dorrington & Paul Tamasy & Eric Johnson
Writing (Original Screenplay),,Written by Christopher Nolan
Writing (Original Screenplay),,Written by Lisa Cholodenko & Stuart Blumberg
Actor in a Leading Role,,A Better Life
Actor in a Leading Role,,The Descendants
Actor in a Leading Role,,Tinker Tailor Soldier Spy
Actor in a Leading Role,,Moneyball
Actor in a Supporting Role,,My Week with Marilyn
Actor in a Supporting Role,,Moneyball
Actor in a Supporting Role,,Warrior
Actor in a Supporting Role,,Extremely Loud & Incredibly Close
Actress in a Leading Role,,Albert Nobbs
Actress in a Leading Role,,The Help
Actress in a Leading Role,,The Girl with the Dragon Tattoo
Actress in a Leading Role,,My Week with Marilyn
Actress in a Supporting Role,,The Artist
Actress in a Supporting Role,,The Help
Actress in a Supporting Role,,Bridesmaids
Actress in a Supporting Role,,Albert Nobbs
Animated Feature Film,,Alain Gagnol and Jean-Loup Felicioli
Animated Feature Film,,Fernando Trueba and Javier Mariscal
Animated Feature Film,,Jennifer Yuh Nelson
Animated Feature Film,,Chris Miller
Art Direction,,Production Design: Laurence Bennett; Set Decoration: Robert Gould
Art Direction,,Production Design: Stuart Craig; Set Decoration: Stephenie McMillan
Art Direction,,Production Design: Anne Seibel; Set Decoration: Hélène Dubreuil
Art Direction,,Production Design: Rick Carter; Set Decoration: Lee Sandales
Cinematography,,Guillaume Schiffman
Cinematography,,Jeff Cronenweth
Cinematography,,Emmanuel Lubezki
Cinematography,,Janusz Kaminski
Costume Design,,Lisy Christl
Costume Design,,Sandy Powell
Costume Design,,Michael O'Connor
Costume Design,,Arianne Phillips
Directing,,Alexander Payne
Directing,,Martin Scorsese
Directing,,Woody Allen
Directing,,Terrence Malick
Documentary (Feature),,Danfung Dennis and Mike Lerner
Documentary (Feature),,Marshall Curry and Sam Cullman
Documentary (Feature),,Joe Berlinger and Bruce Sinofsky
Documentary (Feature),,Wim Wenders and Gian-Piero Ringel
Documentary (Short Subject),,Robin Fryday and Gail Dolgin
Documentary (Short Subject),,Rebecca Cammisa and Julie Anderson
Documentary (Short Subject),,James Spione
Documentary (Short Subject),,Lucy Walker and Kira Carstensen
Film Editing,,Anne-Sophie Bion and Michel Hazanavicius
Film Editing,,Kevin Tent
Film Editing,,Thelma Schoonmaker
Film Editing,,Christopher Tellefsen
Foreign Language Film,,Belgium
Foreign Language Film,,Israel
Foreign Language Film,,Poland
Foreign Language Film,,Canada
Makeup,,"Martial Corneville, Lynn Johnston and Matthew W. Mungle"
Makeup,,"Nick Dudman, Amanda Knight and Lisa Tomblin"
Music (Original Score),,John Williams
Music (Original Score),,Howard Shore
Music (Original Score),,Alberto Iglesias
Music (Original Score),,John Williams
Music (Original Song),,Music by Sergio Mendes and Carlinhos Brown; Lyric by Siedah Garrett
Best Picture,,"Jim Burke, Alexander Payne and Jim Taylor, Producers"
Best Picture,,"Scott Rudin, Producer"
Best Picture,,"Brunson Green, Chris Columbus and Michael Barnathan, Producers"
Best Picture,,"Graham King and Martin Scorsese, Producers"
Best Picture,,"Letty Aronson and Stephen Tenenbaum, Producers"
Best Picture,,"Michael De Luca, Rachael Horovitz and Brad Pitt, Producers"
Best Picture,,"Sarah Green, Bill Pohlad, Dede Gardner and Grant Hill, Producers"
Best Picture,,"Steven Spielberg and Kathleen Kennedy, Producers"
Short Film (Animated),,Patrick Doyon
Short Film (Animated),,Enrico Casarosa
Short Film (Animated),,Grant Orchard and Sue Goffe
Short Film (Animated),,Amanda Forbis and Wendy Tilby
Short Film (Live Action),,Peter McDonald and Eimear O'Kane
Short Film (Live Action),,Max Zähle and Stefan Gieren
Short Film (Live Action),,Andrew Bowler and Gigi Causey
Short Film (Live Action),,Hallvar Witzø
Sound Editing,,Lon Bender and Victor Ray Ennis
Sound Editing,,Ren Klyce
Sound Editing,,Ethan Van der Ryn and Erik Aadahl
Sound Editing,,Richard Hymns and Gary Rydstrom
Sound Mixing,,"David Parker, Michael Semanick, Ren Klyce and Bo Persson"
Sound Mixing,,"Deb Adair, Ron Bochar, David Giammarco and Ed Novick"
Sound Mixing,,"Greg P. Russell, Gary Summers, Jeffrey J. Haboush and Peter J. Devlin"
Sound Mixing,,"Gary Rydstrom, Andy Nelson, Tom Johnson and Stuart Wilson"
Visual Effects,,"Tim Burke, David Vickery, Greg Butler and John Richardson"
Visual Effects,,"Erik Nash, John Rosengrant, Dan Taylor and Swen Gillberg"
Visual Effects,,"Joe Letteri, Dan Lemmon, R. Christopher White and Daniel Barrett"
Visual Effects,,"Scott Farrar, Scott Benza, Matthew Butler and John Frazier"
Writing (Adapted Screenplay),,Screenplay by John Logan
Writing (Adapted Screenplay),,Screenplay by George Clooney & Grant Heslov and Beau Willimon
Writing (Adapted Screenplay),,Screenplay by Steven Zaillian and Aaron Sorkin; Story by Stan Chervin
Writing (Adapted Screenplay),,Screenplay by Bridget O'Connor & Peter Straughan
Writing (Original Screenplay),,Written by Michel Hazanavicius
Writing (Original Screenplay),,Written by Annie Mumolo & Kristen Wiig
Writing (Original Screenplay),,Written by J.C. Chandor
Writing (Original Screenplay),,Written by Asghar Farhadi
Actor in a Leading Role,,Silver Linings Playbook
Actor in a Leading Role,,Les Misérables
Actor in a Leading Role,,The Master
Actor in a Leading Role,,Flight
Actor in a Supporting Role,,Argo
Actor in a Supporting Role,,Silver Linings Playbook
Actor in a Supporting Role,,The Master
Actor in a Supporting Role,,Lincoln
Actress in a Leading Role,,Zero Dark Thirty
Actress in a Leading Role,,Amour
Actress in a Leading Role,,Beasts of the Southern Wild
Actress in a Leading Role,,The Impossible
Actress in a Supporting Role,,The Master
Actress in a Supporting Role,,Lincoln
Actress in a Supporting Role,,The Sessions
Actress in a Supporting Role,,Silver Linings Playbook
Animated Feature Film,,Tim Burton
Animated Feature Film,,Sam Fell and Chris Butler
Animated Feature Film,,Peter Lord
Animated Feature Film,,Rich Moore
Cinematography,,Seamus McGarvey
Cinematography,,Robert Richardson
Cinematography,,Janusz Kaminski
Cinematography,,Roger Deakins
Costume Design,,Paco Delgado
Costume Design,,Joanna Johnston
Costume Design,,Eiko Ishioka
Costume Design,,Colleen Atwood
Directing,,Michael Haneke
Directing,,Benh Zeitlin
Directing,,Steven Spielberg
Directing,,David O. Russell
Documentary (Feature),,Emad Burnat and Guy Davidi
Documentary (Feature),,"Dror Moreh, Philippa Kowarsky and Estelle Fialon"
Documentary (Feature),,David France and Howard Gertler
Documentary (Feature),,Kirby Dick and Amy Ziering
Documentary (Short Subject),,Sari Gilman and Jedd Wider
Documentary (Short Subject),,Cynthia Wade and Robin Honan
Documentary (Short Subject),,Kief Davidson and Cori Shepherd Stern
Documentary (Short Subject),,Jon Alpert and Matthew O'Neill
Film Editing,,Tim Squyres
Film Editing,,Michael Kahn
Film Editing,,Jay Cassidy and Crispin Struthers
Film Editing,,Dylan Tichenor and William Goldenberg
Foreign Language Film,,Norway
Foreign Language Film,,Chile
Foreign Language Film,,Denmark
Foreign Language Film,,Canada
Makeup and Hairstyling,,"Howard Berger, Peter Montagna and Martin Samuel"
Makeup and Hairstyling,,"Peter Swords King, Rick Findlater and Tami Lane"
Music (Original Score),,Dario Marianelli
Music (Original Score),,Alexandre Desplat
Music (Original Score),,John Williams
Music (Original Score),,Thomas Newman
Music (Original Song),,Music and Lyric by J. Ralph
Music (Original Song),,Music by Walter Murphy; Lyric by Seth MacFarlane
Music (Original Song),,Music by Mychael Danna; Lyric by Bombay Jayashri
Music (Original Song),,Music by Claude-Michel Schönberg; Lyric by Herbert Kretzmer and Alain Boublil
Best Picture,,"Margaret Menegoz, Stefan Arndt, Veit Heiduschka and Michael Katz, Producers"
Best Picture,,"Dan Janvey, Josh Penn and Michael Gottwald, Producers"
Best Picture,,"Stacey Sher, Reginald Hudlin and Pilar Savone, Producers"
Best Picture,,"Tim Bevan, Eric Fellner, Debra Hayward and Cameron Mackintosh, Producers"
Best Picture,,"Gil Netter, Ang Lee and David Womark, Producers"
Best Picture,,"Steven Spielberg and Kathleen Kennedy, Producers"
Best Picture,,"Donna Gigliotti, Bruce Cohen and Jonathan Gordon, Producers"
Best Picture,,"Mark Boal, Kathryn Bigelow and Megan Ellison, Producers"
Production Design,,Production Design: Sarah Greenwood; Set Decoration: Katie Spencer
Production Design,,Production Design: Dan Hennah; Set Decoration: Ra Vincent and Simon Bright
Production Design,,Production Design: Eve Stewart; Set Decoration: Anna Lynch-Robinson
Production Design,,Production Design: David Gropman; Set Decoration: Anna Pinnock
Short Film (Animated),,Minkyu Lee
Short Film (Animated),,PES
Short Film (Animated),,Timothy Reckart and Fodhla Cronin O'Reilly
Short Film (Animated),,David Silverman
Short Film (Live Action),,Bryan Buckley and Mino Jarjoura
Short Film (Live Action),,Sam French and Ariel Nasr
Short Film (Live Action),,Tom Van Avermaet and Ellen De Waele
Short Film (Live Action),,Yan England
Sound Editing,,Erik Aadahl and Ethan Van der Ryn
Sound Editing,,Wylie Stateman
Sound Editing,,Eugene Gearty and Philip Stockton
Sound Mixing,,"John Reitz, Gregg Rudloff and Jose Antonio Garcia"
Sound Mixing,,"Ron Bartlett, D.M. Hemphill and Drew Kunin"
Sound Mixing,,"Andy Nelson, Gary Rydstrom and Ronald Judkins"
Sound Mixing,,"Scott Millan, Greg P. Russell and Stuart Wilson"
Visual Effects,,"Joe Letteri, Eric Saindon, David Clayton and R. Christopher White"
Visual Effects,,"Janek Sirrs, Jeff White, Guy Williams and Dan Sudick"
Visual Effects,,"Richard Stammers, Trevor Wood, Charley Henley and Martin Hill"
Visual Effects,,"Cedric Nicolas-Troyan, Philip Brennan, Neil Corbould and Michael Dawson"
Writing (Adapted Screenplay),,Screenplay by Lucy Alibar & Benh Zeitlin
Writing (Adapted Screenplay),,Screenplay by David Magee
Writing (Adapted Screenplay),,Screenplay by Tony Kushner
Writing (Adapted Screenplay),,Screenplay by David O. Russell
Writing (Original Screenplay),,Written by Michael Haneke
Writing (Original Screenplay),,Written by John Gatins
Writing (Original Screenplay),,Written by Wes Anderson & Roman Coppola
Writing (Original Screenplay),,Written by Mark Boal
Actor in a Leading Role,,American Hustle
Actor in a Leading Role,,Nebraska
Actor in a Leading Role,,The Wolf of Wall Street
Actor in a Leading Role,,12 Years a Slave
Actor in a Supporting Role,,Captain Phillips
Actor in a Supporting Role,,American Hustle
Actor in a Supporting Role,,12 Years a Slave
Actor in a Supporting Role,,The Wolf of Wall Street
Actress in a Leading Role,,American Hustle
Actress in a Leading Role,,Gravity
Actress in a Leading Role,,Philomena
Actress in a Leading Role,,August: Osage County
Actress in a Supporting Role,,Blue Jasmine
Actress in a Supporting Role,,American Hustle
Actress in a Supporting Role,,August: Osage County
Actress in a Supporting Role,,Nebraska
Animated Feature Film,,"Chris Sanders, Kirk DeMicco and Kristine Belson"
Animated Feature Film,,"Chris Renaud, Pierre Coffin and Chris Meledandri"
Animated Feature Film,,Benjamin Renner and Didier Brunner
Animated Feature Film,,Hayao Miyazaki and Toshio Suzuki
Cinematography,,Philippe Le Sourd
Cinematography,,Bruno Delbonnel
Cinematography,,Phedon Papamichael
Cinematography,,Roger A. Deakins
Costume Design,,Michael Wilkinson
Costume Design,,William Chang Suk Ping
Costume Design,,Michael O'Connor
Costume Design,,Patricia Norris
Directing,,David O. Russell
Directing,,Alexander Payne
Directing,,Steve McQueen
Directing,,Martin Scorsese
Documentary (Feature),,Joshua Oppenheimer and Signe Byrge Sørensen
Documentary (Feature),,Zachary Heinzerling and Lydia Dean Pilcher
Documentary (Feature),,Richard Rowley and Jeremy Scahill
Documentary (Feature),,Jehane Noujaim and Karim Amer
Documentary (Short Subject),,Jeffrey Karoff
Documentary (Short Subject),,Jason Cohen
Documentary (Short Subject),,Sara Ishaq
Documentary (Short Subject),,Edgar Barens
Film Editing,,"Jay Cassidy, Crispin Struthers and Alan Baumgarten"
Film Editing,,Christopher Rouse
Film Editing,,John Mac McMurphy and Martin Pensa
Film Editing,,Joe Walker
Foreign Language Film,,Belgium
Foreign Language Film,,Denmark
Foreign Language Film,,Cambodia
Foreign Language Film,,Palestine
Makeup and Hairstyling,,Stephen Prouty
Makeup and Hairstyling,,Joel Harlow and Gloria Pasqua-Casny
Music (Original Score),,John Williams
Music (Original Score),,William Butler and Owen Pallett
Music (Original Score),,Alexandre Desplat
Music (Original Score),,Thomas Newman
Music (Original Song),,Music by Bruce Broughton; Lyric by Dennis Spiegel
Music (Original Song),,Music and Lyric by Pharrell Williams
Music (Original Song),,Music by Karen O; Lyric by Karen O and Spike Jonze
Music (Original Song),,"Music by Paul Hewson, Dave Evans, Adam Clayton and Larry Mullen; Lyric by Paul Hewson"
Best Picture,,"Charles Roven, Richard Suckle, Megan Ellison and Jonathan Gordon, Producers"
Best Picture,,"Scott Rudin, Dana Brunetti and Michael De Luca, Producers"
Best Picture,,"Robbie Brenner and Rachel Winter, Producers"
Best Picture,,"Alfonso Cuarón and David Heyman, Producers"
Best Picture,,"Megan Ellison, Spike Jonze and Vincent Landay, Producers"
Best Picture,,"Albert Berger and Ron Yerxa, Producers"
Best Picture,,"Gabrielle Tana, Steve Coogan and Tracey Seaward, Producers"
Best Picture,,"Martin Scorsese, Leonardo DiCaprio, Joey McFarland and Emma Tillinger Koskoff, Producers"
Production Design,,Production Design: Judy Becker; Set Decoration: Heather Loeffler
Production Design,,Production Design: Andy Nicholson; Set Decoration: Rosie Goodwin and Joanne Woollard
Production Design,,Production Design: K.K. Barrett; Set Decoration: Gene Serdena
Production Design,,Production Design: Adam Stockhausen; Set Decoration: Alice Baker
Short Film (Animated),,Daniel Sousa and Dan Golden
Short Film (Animated),,Lauren MacMullan and Dorothy McKim
Short Film (Animated),,Shuhei Morita
Short Film (Animated),,Max Lang and Jan Lachauer
Short Film (Live Action),,Esteban Crespo
Short Film (Live Action),,Xavier Legrand and Alexandre Gavras
Short Film (Live Action),,Selma Vilhunen and Kirsikka Saari
Short Film (Live Action),,Mark Gill and Baldwin Li
Sound Editing,,Steve Boeddeker and Richard Hymns
Sound Editing,,Oliver Tarney
Sound Editing,,Brent Burge and Chris Ward
Sound Editing,,Wylie Stateman
Sound Mixing,,"Chris Burdon, Mark Taylor, Mike Prestwood Smith and Chris Munro"
Sound Mixing,,"Christopher Boyes, Michael Hedges, Michael Semanick and Tony Johnson"
Sound Mixing,,"Skip Lievsay, Greg Orloff and Peter F. Kurland"
Sound Mixing,,"Andy Koyama, Beau Borders and David Brownlow"
Visual Effects,,"Joe Letteri, Eric Saindon, David Clayton and Eric Reynolds"
Visual Effects,,"Christopher Townsend, Guy Williams, Erik Nash and Dan Sudick"
Visual Effects,,"Tim Alexander, Gary Brozenich, Edson Williams and John Frazier"
Visual Effects,,"Roger Guyett, Patrick Tubach, Ben Grossmann and Burt Dalton"
Writing (Adapted Screenplay),,"Written by Richard Linklater, Julie Delpy, Ethan Hawke"
Writing (Adapted Screenplay),,Screenplay by Billy Ray
Writing (Adapted Screenplay),,Screenplay by Steve Coogan and Jeff Pope
Writing (Adapted Screenplay),,Screenplay by Terence Winter
Writing (Original Screenplay),,Written by Eric Warren Singer and David O. Russell
Writing (Original Screenplay),,Written by Woody Allen
Writing (Original Screenplay),,Written by Craig Borten & Melisa Wallack
Writing (Original Screenplay),,Written by Bob Nelson
Actor in a Leading Role,,Foxcatcher
Actor in a Leading Role,,American Sniper
Actor in a Leading Role,,The Imitation Game
Actor in a Leading Role,,Birdman or (The Unexpected Virtue of Ignorance)
Actor in a Supporting Role,,The Judge
Actor in a Supporting Role,,Boyhood
Actor in a Supporting Role,,Birdman or (The Unexpected Virtue of Ignorance)
Actor in a Supporting Role,,Foxcatcher
Actress in a Leading Role,,"Two Days, One Night"
Actress in a Leading Role,,The Theory of Everything
Actress in a Leading Role,,Gone Girl
Actress in a Leading Role,,Wild
Actress in a Supporting Role,,Wild
Actress in a Supporting Role,,The Imitation Game
Actress in a Supporting Role,,Birdman or (The Unexpected Virtue of Ignorance)
Actress in a Supporting Role,,Into the Woods
Animated Feature Film,,"Anthony Stacchi, Graham Annable and Travis Knight"
Animated Feature Film,,Dean DeBlois and Bonnie Arnold
Animated Feature Film,,Tomm Moore and Paul Young
Animated Feature Film,,Isao Takahata and Yoshiaki Nishimura
Cinematography,,Robert Yeoman
Cinematography,,Lukasz Zal and Ryszard Lenczewski
Cinematography,,Dick Pope
Cinematography,,Roger Deakins
Costume Design,,Mark Bridges
Costume Design,,Colleen Atwood
Costume Design,,Anna B. Sheppard
Costume Design,,Jacqueline Durran
Directing,,Richard Linklater
Directing,,Bennett Miller
Directing,,Wes Anderson
Directing,,Morten Tyldum
Documentary (Feature),,John Maloof and Charlie Siskel
Documentary (Feature),,Rory Kennedy and Keven McAlester
Documentary (Feature),,"Wim Wenders, Juliano Ribeiro Salgado and David Rosier"
Documentary (Feature),,Orlando von Einsiedel and Joanna Natasegara
Documentary (Short Subject),,Aneta Kopacz
Documentary (Short Subject),,Tomasz Sliwinski and Maciej Slesicki
Documentary (Short Subject),,Gabriel Serra Arguello
Documentary (Short Subject),,J. Christian Jensen
Film Editing,,Joel Cox and Gary D. Roach
Film Editing,,Sandra Adair
Film Editing,,Barney Pilling
Film Editing,,William Goldenberg
Foreign Language Film,,Russia
Foreign Language Film,,Estonia
Foreign Language Film,,Mauritania
Foreign Language Film,,Argentina
Makeup and Hairstyling,,Bill Corso and Dennis Liddiard
Makeup and Hairstyling,,Elizabeth Yianni-Georgiou and David White
Music (Original Score),,Alexandre Desplat
Music (Original Score),,Hans Zimmer
Music (Original Score),,Gary Yershon
Music (Original Score),,Jóhann Jóhannsson
Music (Original Song),,Music and Lyric by Shawn Patterson
Music (Original Song),,Music and Lyric by Diane Warren
Music (Original Song),,Music and Lyric by Glen Campbell and Julian Raymond
Music (Original Song),,Music and Lyric by Gregg Alexander and Danielle Brisebois
Best Picture,,"Clint Eastwood, Robert Lorenz, Andrew Lazar, Bradley Cooper and Peter Morgan, Producers"
Best Picture,,"Richard Linklater and Cathleen Sutherland, Producers"
Best Picture,,"Wes Anderson, Scott Rudin, Steven Rales and Jeremy Dawson, Producers"
Best Picture,,"Nora Grossman, Ido Ostrowsky and Teddy Schwarzman, Producers"
Best Picture,,"Christian Colson, Oprah Winfrey, Dede Gardner and Jeremy Kleiner, Producers"
Best Picture,,"Tim Bevan, Eric Fellner, Lisa Bruce and Anthony McCarten, Producers"
Best Picture,,"Jason Blum, Helen Estabrook and David Lancaster, Producers"
Production Design,,Production Design: Maria Djurkovic; Set Decoration: Tatiana Macdonald
Production Design,,Production Design: Nathan Crowley; Set Decoration: Gary Fettis
Production Design,,Production Design: Dennis Gassner; Set Decoration: Anna Pinnock
Production Design,,Production Design: Suzie Davies; Set Decoration: Charlotte Watts
Short Film (Animated),,Daisy Jacobs and Christopher Hees
Short Film (Animated),,Robert Kondo and Dice Tsutsumi
Short Film (Animated),,Torill Kove
Short Film (Animated),,Joris Oprins
Short Film (Live Action),,Oded Binnun and Mihal Brezis
Short Film (Live Action),,Michael Lennox and Ronan Blaney
Short Film (Live Action),,Hu Wei and Julien Féret
Short Film (Live Action),,Talkhon Hamzavi and Stefan Eichenberger
Sound Editing,,Martín Hernández and Aaron Glascock
Sound Editing,,Brent Burge and Jason Canovas
Sound Editing,,Richard King
Sound Editing,,Becky Sullivan and Andrew DeCristofaro
Sound Mixing,,"John Reitz, Gregg Rudloff and Walt Martin"
Sound Mixing,,"Jon Taylor, Frank A. Montaño and Thomas Varga"
Sound Mixing,,"Gary A. Rizzo, Gregg Landaker and Mark Weingarten"
Sound Mixing,,"Jon Taylor, Frank A. Montaño and David Lee"
Visual Effects,,"Dan DeLeeuw, Russell Earl, Bryan Grill and Dan Sudick"
Visual Effects,,"Joe Letteri, Dan Lemmon, Daniel Barrett and Erik Winquist"
Visual Effects,,"Stephane Ceretti, Nicolas Aithadi, Jonathan Fawkner and Paul Corbould"
Visual Effects,,"Richard Stammers, Lou Pecora, Tim Crosbie and Cameron Waldbauer"
Writing (Adapted Screenplay),,Written by Jason Hall
Writing (Adapted Screenplay),,Written for the screen by Paul Thomas Anderson
Writing (Adapted Screenplay),,Screenplay by Anthony McCarten
Writing (Adapted Screenplay),,Written by Damien Chazelle
Writing (Original Screenplay),,Written by Richard Linklater
Writing (Original Screenplay),,Written by E. Max Frye and Dan Futterman
Writing (Original Screenplay),,Screenplay by Wes Anderson; Story by Wes Anderson & Hugo Guinness
Writing (Original Screenplay),,Written by Dan Gilroy
Actor in a Leading Role,,Trumbo
Actor in a Leading Role,,The Martian
Actor in a Leading Role,,Steve Jobs
Actor in a Leading Role,,The Danish Girl
Actor in a Supporting Role,,The Big Short
Actor in a Supporting Role,,The Revenant
Actor in a Supporting Role,,Spotlight
Actor in a Supporting Role,,Creed
Actress in a Leading Role,,Carol
Actress in a Leading Role,,Joy
Actress in a Leading Role,,45 Years
Actress in a Leading Role,,Brooklyn
Actress in a Supporting Role,,The Hateful Eight
Actress in a Supporting Role,,Carol
Actress in a Supporting Role,,Spotlight
Actress in a Supporting Role,,Steve Jobs
Animated Feature Film,,"Charlie Kaufman, Duke Johnson and Rosa Tran"
Animated Feature Film,,Alê Abreu
Animated Feature Film,,Mark Burton and Richard Starzak
Animated Feature Film,,Hiromasa Yonebayashi and Yoshiaki Nishimura
Cinematography,,Ed Lachman
Cinematography,,Robert Richardson
Cinematography,,John Seale
Cinematography,,Emmanuel Lubezki
Cinematography,,Roger Deakins
Costume Design,,Sandy Powell
Costume Design,,Sandy Powell
Costume Design,,Paco Delgado
Costume Design,,Jacqueline West
Directing,,Adam McKay
Directing,,George Miller
Directing,,Lenny Abrahamson
Directing,,Tom McCarthy
Documentary (Feature),,Matthew Heineman and Tom Yellin
Documentary (Feature),,Joshua Oppenheimer and Signe Byrge Sørensen
Documentary (Feature),,"Liz Garbus, Amy Hobby and Justin Wilkes"
Documentary (Feature),,Evgeny Afineevsky and Den Tolmor
Documentary (Short Subject),,David Darg and Bryn Mooser
Documentary (Short Subject),,Courtney Marsh and Jerry Franck
Documentary (Short Subject),,Adam Benzine
Documentary (Short Subject),,Dee Hibbert-Jones and Nomi Talisman
Film Editing,,Hank Corwin
Film Editing,,Stephen Mirrione
Film Editing,,Tom McArdle
Film Editing,,Maryann Brandon and Mary Jo Markey
Foreign Language Film,,Colombia
Foreign Language Film,,France
Foreign Language Film,,Jordan
Foreign Language Film,,Denmark
Makeup and Hairstyling,,Love Larson and Eva von Bahr
Makeup and Hairstyling,,"Siân Grigg, Duncan Jarman and Robert Pandini"
Music (Original Score),,Thomas Newman
Music (Original Score),,Carter Burwell
Music (Original Score),,Jóhann Jóhannsson
Music (Original Score),,John Williams
Music (Original Song),,"Music and Lyric by The Weeknd, Ahmad Balshe, Jason Quenneville and Stephan Moccio"
Music (Original Song),,Music by J. Ralph; Lyric by Anohni
Music (Original Song),,Music and Lyric by David Lang
Music (Original Song),,Music and Lyric by Diane Warren and Lady Gaga
Best Picture,,"Brad Pitt, Dede Gardner and Jeremy Kleiner, Producers"
Best Picture,,"Steven Spielberg, Marc Platt and Kristie Macosko Krieger, Producers"
Best Picture,,"Finola Dwyer and Amanda Posey, Producers"
Best Picture,,"Doug Mitchell and George Miller, Producers"
Best Picture,,"Simon Kinberg, Ridley Scott, Michael Schaefer and Mark Huffam, Producers"
Best Picture,,"Arnon Milchan, Steve Golin, Alejandro G. Iñárritu, Mary Parent and Keith Redmon, Producers"
Best Picture,,"Ed Guiney, Producer"
Production Design,,Production Design: Adam Stockhausen; Set Decoration: Rena DeAngelo and Bernhard Henrich
Production Design,,Production Design: Eve Stewart; Set Decoration: Michael Standish
Production Design,,Production Design: Arthur Max; Set Decoration: Celia Bobak
Production Design,,Production Design: Jack Fisk; Set Decoration: Hamish Purdy
Short Film (Animated),,Richard Williams and Imogen Sutton
Short Film (Animated),,Sanjay Patel and Nicole Grindle
Short Film (Animated),,Konstantin Bronzit
Short Film (Animated),,Don Hertzfeldt
Short Film (Live Action),,Basil Khalil and Eric Dupont
Short Film (Live Action),,Henry Hughes
Short Film (Live Action),,Patrick Vollrath
Short Film (Live Action),,Jamie Donoughue
Sound Editing,,Oliver Tarney
Sound Editing,,Martin Hernandez and Lon Bender
Sound Editing,,Alan Robert Murray
Sound Editing,,Matthew Wood and David Acord
Sound Mixing,,"Andy Nelson, Gary Rydstrom and Drew Kunin"
Sound Mixing,,"Paul Massey, Mark Taylor and Mac Ruth"
Sound Mixing,,"Jon Taylor, Frank A. Montaño, Randy Thom and Chris Duesterdiek"
Sound Mixing,,"Andy Nelson, Christopher Scarabosio and Stuart Wilson"
Visual Effects,,"Andrew Jackson, Tom Wood, Dan Oliver and Andy Williams"
Visual Effects,,"Richard Stammers, Anders Langlands, Chris Lawrence and Steven Warner"
Visual Effects,,"Rich McBride, Matthew Shumway, Jason Smith and Cameron Waldbauer"
Visual Effects,,"Roger Guyett, Patrick Tubach, Neal Scanlan and Chris Corbould"
Writing (Adapted Screenplay),,Screenplay by Nick Hornby
Writing (Adapted Screenplay),,Screenplay by Phyllis Nagy
Writing (Adapted Screenplay),,Screenplay by Drew Goddard
Writing (Adapted Screenplay),,Screenplay by Emma Donoghue
Writing (Original Screenplay),,Written by Matt Charman and Ethan Coen & Joel Coen
Writing (Original Screenplay),,Written by Alex Garland
Writing (Original Screenplay),,"Screenplay by Pete Docter, Meg LeFauve, Josh Cooley; Original Story by Pete Docter, Ronnie del Carmen"
Writing (Original Screenplay),,Screenplay by Jonathan Herman and Andrea Berloff; Story by S. Leigh Savidge & Alan Wenkus and Andrea Berloff
